{"name":"Administrator Event processing","ngModules":["c8y.eventProcessing"],"category":"Administration","description":"Administrators can define and update real-time event processing rules. Adds items to the navigator and allows create, deletion and update of rules. Rule execution can be debugged.","js":["main.js"],"appsInclude":["administration"],"version":"9.3.0","compatibility":{"app":"administration","contextPath":"eventProcessing","rootContextPath":"administration/eventProcessing"},"contextPath":"administration_eventProcessing"}
